USE yoga_pro;

INSERT INTO users (firstname,lastname,email,phone,password_hash) VALUES
	('Андрей','Иванов','1@.com','89314090111','efefefefefefretrtrtfg'),
	('Дмитрий','Сидоров','2@.com','89314090112','efefefefefefretrrrgfgfgf'),
	('Марина','Смирнова','3@.com','89314090113','efefefefedfdfdfrrrgfgfgf'),
	('Андрей','Сидоров','4@.com','89314090114','efefefefdffgfhgtrrrgfgfgf'),
	('Дмитрий','Иванов','5@.com','89314090115','efefefedsdsdfftrrrgfgfgf'),
	('татьяна','Сидорова','6@.com','89314090116','efefefefeyuyuyuyurgfgfgf'),
	('Андрей','Смирнов','7@.com','89314090117','efefevbvnnbmnretrrrgfgfgf'),
	('Дмитрий','Смирнов','8@.com','89314090118','efefefsefefefefretrrrgfgfgf');
	
INSERT INTO profiles (user_id,gender,birthday,hometown,experience) VALUES
	('1','m','1993-01-01','Москва','5'),
	('2','m','2000-02-01','Калининград','6'),
	('3','w','2001-03-01','Москва','0'),
	('4','m','1993-01-01','Калининград','0'),
	('5','m','1997-02-01','Калининград','1'),
	('6','w','1998-03-01','Москва','2'),
	('7','m','1953-03-01','Вологда','3'),
	('8','m','1973-04-01','Москва','4');

INSERT INTO discount (procent, time_action) VALUES
	('20','2021-07-01'),
	('40','2021-06-01');
	
INSERT INTO payment (user_id,umount,discount_id) VALUES
	('1','3600',DEFAULT),
	('2','3600','1'),
	('3','3600',DEFAULT),
	('4','3600','2'),
	('5','7200',DEFAULT),
	('6','7200', '1', '2021-05-20 04:04:53');

INSERT INTO mention (reting,body,user_id) VALUES
	('2','ТЕКСТ ОТЗЫВА','1'),
	('5','ТЕКСТ ОТЗЫВА','2'),
	('5','ТЕКСТ ОТЗЫВА','3'),
	('4','ТЕКСТ ОТЗЫВА','4'),
	('3','ТЕКСТ ОТЗЫВА','5'),
	('5','ТЕКСТ ОТЗЫВА','6'),
	('4','ТЕКСТ ОТЗЫВА','7'),
	('3','ТЕКСТ ОТЗЫВА','8'),
	('2','ТЕКСТ ОТЗЫВА','1'),
	('1','ТЕКСТ ОТЗЫВА','2');

INSERT INTO teachers (firstname,lastname,email,password_hash,teacher_information) VALUES
	('Юрий','Никитин','12@.com','88888888888','текст информации о Юрии'),
	('Илона','Сидорова','13@.com','77777777777','текст информации о Илоне'),
	('Лариса','Иванова','14@.com','66666666666','текст информации о Ларисе');
	
INSERT INTO class (class_name,`level`)	VALUES
	('hatha_yoga','new'),
	('meditation_yoga','new'),
	('yoga_nidru','new'),
	('hatha_yoga','pro'),
	('meditation_yoga','pro'),
	('yoga_nidru','pro');
	
INSERT INTO class_users(user_id,teacher_id,class_id) VALUES
	('1','1','1'),
	('2','1','1'),
	('3','2','4'),
	('4','2','5'),
	('5','3','2');
	
INSERT INTO video_lessons(videos,teacher_id,class_id) VALUES
	('ссылка на видео','1','1'),
	('ссылка на видео','1','1'),
	('ссылка на видео','1','1'),
	('ссылка на видео','2','4'),
	('ссылка на видео','2','5'),
	('ссылка на видео','2','5'),
	('ссылка на видео','3','2'),
	('ссылка на видео','3','2'),
	('ссылка на видео','3','2'),
	('ссылка на видео','3','2');
	

INSERT INTO messages_teacher(teacher_id,user_id,status,body) VALUES	
	('1','2','in','текст сообщения'),
	('2','1','in','текст сообщения'),
	('3','2','in','текст сообщения'),
	('1','3','out','текст сообщения'),
	('1','4','in','текст сообщения'),
	('1','2','out','текст сообщения'),
	('2','1','out','текст сообщения'),
	('2','1','in','текст сообщения'),
	('3','1','out','текст сообщения'),
	('1','2','out','текст сообщения'),
	('2','2','in','текст сообщения'),
	('1','3','out','текст сообщения'),
	('2','3','in','текст сообщения'),
	('1','4','out','текст сообщения'),
	('1','2','in','текст сообщения');
	
	
	
	
	
	
	
	